{"cameraMode":{"drawMode":0,"name":"Shaded","section":"Shading Mode"},"sceneLighting":false,"audioPlay":false,"sceneViewState":{"showFog":true,"showMaterialUpdate":true,"showSkybox":false,"showFlares":true,"showImageEffects":true,"showParticleSystems":true},"in2DMode":false,"pivot":{"x":354.7201232910156,"y":274.20550537109377,"z":20.682861328125},"rotation":{"x":0.18782275915145875,"y":0.023570362478494645,"z":-0.004508612677454948,"w":0.981910228729248},"size":1.2247449159622193,"orthographic":false}