{"cameraMode":{"drawMode":0,"name":"Shaded","section":"Shading Mode"},"sceneLighting":false,"audioPlay":false,"sceneViewState":{"showFog":true,"showMaterialUpdate":true,"showSkybox":true,"showFlares":true,"showImageEffects":true,"showParticleSystems":true},"in2DMode":false,"pivot":{"x":32.657958984375,"y":52.15345764160156,"z":281.9424133300781},"rotation":{"x":0.16417190432548524,"y":-0.031067349016666414,"z":0.005174492485821247,"w":0.9859353303909302},"size":527.6626586914063,"orthographic":false}